kepler_id,quarter,flare_start_time,flare_end_time,flare_peak_time,energy,excluded,Teff,Radius,logg,flare_amp,flare_duration,time_start_BJD,time_end_BJD,flare_peak_BJD
1294756,2,257.4871104,257.5688416,257.5075431,1.40E+35,FALSE,8615,3.003,3.784,0.001094677,0.081731225,55090.48711,55090.56884,55090.50754
1294756,1,148.698129,148.9024738,148.7185633,3.80E+35,FALSE,8615,3.003,3.784,0.000850149,0.204344805,54981.69813,54981.90247,54981.71856
2582800,3,276.0809933,276.1422912,276.101426,6.85E+35,FALSE,7937,2.711,3.882,0.004054353,0.061297988,55109.08099,55109.14229,55109.10143
2831097,15,1436.788338,1436.849636,1436.808771,7.53E+37,FALSE,7943,2.793,3.827,0.475876025,0.061298006,56269.78834,56269.84964,56269.80877
3002336,17,1567.685434,1567.746737,1567.705868,2.82E+35,FALSE,7643,3.838,3.561,0.001073175,0.061303555,56400.68543,56400.74674,56400.70587
3116946,1,152.764483,152.8257861,152.7849174,2.07E+35,FALSE,8050,2.254,3.996,0.001920066,0.061303062,54985.76448,54985.82579,54985.78492
3448475,16,1507.364276,1507.466443,1507.384709,2.01E+36,FALSE,7755,1.908,4.09,0.017432838,0.102167755,56340.36428,56340.46644,56340.38471
3458671,11,1058.910765,1058.972062,1058.931197,1.58E+35,FALSE,8094,3.267,3.787,0.001301508,0.061297564,55891.91076,55891.97206,55891.9312
3458671,16,1544.655967,1544.71727,1544.676401,3.31E+35,FALSE,8094,3.267,3.787,0.001439159,0.061302391,56377.65597,56377.71727,56377.6764
3543931,5,494.0451208,494.1064246,494.0655554,6.36E+34,FALSE,7507,1.976,4.084,0.000985996,0.061303774,55327.04512,55327.10642,55327.06556
3757015,15,1374.918913,1374.980212,1374.939346,7.54E+34,FALSE,7581,1.778,4.173,0.001960057,0.061298686,56207.91891,56207.98021,56207.93935
3757015,16,1539.016235,1539.077537,1539.036669,1.01E+35,FALSE,7581,1.778,4.173,0.002046997,0.061302165,56372.01624,56372.07754,56372.03667
3757015,16,1494.511708,1494.593441,1494.532141,1.32E+35,FALSE,7581,1.778,4.173,0.002149381,0.081733125,56327.51171,56327.59344,56327.53214
3757015,11,1038.437288,1038.498585,1038.45772,1.33E+35,FALSE,7581,1.778,4.173,0.001515736,0.061297701,55871.43729,55871.49859,55871.45772
3757015,2,189.0146633,189.0759653,189.0350974,1.49E+35,FALSE,7581,1.778,4.173,0.001123052,0.061302042,55022.01466,55022.07597,55022.0351
3757015,2,208.7129012,208.7742022,208.7333349,1.59E+35,FALSE,7581,1.778,4.173,0.002009928,0.061301,55041.7129,55041.7742,55041.73333
3757015,11,1033.615198,1033.696928,1033.635631,1.65E+35,FALSE,7581,1.778,4.173,0.001980951,0.081730467,55866.6152,55866.69693,55866.63563
3757015,8,739.4291798,739.490479,739.4496129,1.68E+35,FALSE,7581,1.778,4.173,0.001544539,0.061299219,55572.42918,55572.49048,55572.44961
3757015,11,1053.230454,1053.312185,1053.250887,1.72E+35,FALSE,7581,1.778,4.173,0.002378344,0.081730144,55886.23045,55886.31218,55886.25089
3757015,5,450.7440759,450.8258138,450.7645105,1.76E+35,FALSE,7581,1.778,4.173,0.002848156,0.081737813,55283.74408,55283.82581,55283.76451
3757015,5,516.032519,516.114257,516.0733879,1.82E+35,FALSE,7581,1.778,4.173,0.003602374,0.081737956,55349.03252,55349.11426,55349.07339
3757015,11,1060.994822,1061.096984,1061.015254,2.04E+35,FALSE,7581,1.778,4.173,0.003573429,0.10216274,55893.99482,55894.09698,55894.01525
3757015,3,302.3778039,302.500399,302.4186689,2.93E+35,FALSE,7581,1.778,4.173,0.002667263,0.122595141,55135.3778,55135.5004,55135.41867
3757015,11,1014.347191,1014.49022,1014.388056,2.97E+35,FALSE,7581,1.778,4.173,0.003578226,0.143029377,55847.34719,55847.49022,55847.38806
3757015,2,218.6640705,218.8479724,218.684504,2.97E+35,FALSE,7581,1.778,4.173,0.004371673,0.18390189,55051.66407,55051.84797,55051.6845
3757015,1,156.2177363,156.3403429,156.2381706,7.70E+35,FALSE,7581,1.778,4.173,0.008761205,0.122606558,54989.21774,54989.34034,54989.23817
3757015,1,159.4872415,159.6302823,159.5281102,8.59E+35,FALSE,7581,1.778,4.173,0.007976083,0.143040756,54992.48724,54992.63028,54992.52811
3757015,4,365.3513468,365.5556771,365.4126458,1.04E+36,FALSE,7581,1.778,4.173,0.008693571,0.204330325,55198.35135,55198.55568,55198.41265
3974751,4,362.1843079,362.2456067,362.2047409,1.46E+35,FALSE,9490,2.209,4.109,0.000856204,0.061298765,55195.18431,55195.24561,55195.20474
3974751,11,1035.597338,1035.658636,1035.617771,1.56E+35,FALSE,9490,2.209,4.109,0.000832593,0.061297763,55868.59734,55868.65864,55868.61777
4057000,9,849.9976115,850.0589152,850.0180461,9.51E+34,FALSE,7587,2.073,4.031,0.001270677,0.061303765,55682.99761,55683.05892,55683.01805
4379276,15,1466.661591,1466.722889,1466.682024,6.90E+35,FALSE,8218,3.066,3.813,0.002423542,0.061298398,56299.66159,56299.72289,56299.68202
4379276,11,1022.479486,1022.540784,1022.499918,1.02E+36,FALSE,8218,3.066,3.813,0.003228205,0.061298093,55855.47949,55855.54078,55855.49992
4386499,8,751.8934813,751.9752142,751.9139145,4.95E+35,FALSE,8182,2.16,4.026,0.005050351,0.081732878,55584.89348,55584.97521,55584.91391
4472809,8,776.9245313,777.0062663,776.944965,1.12E+36,FALSE,8659,2.973,3.791,0.003575,0.081734979,55609.92453,55610.00627,55609.94497
4472809,13,1219.498051,1219.57979,1219.538921,1.50E+36,FALSE,8659,2.973,3.791,0.002639123,0.0817383,56052.49805,56052.57979,56052.53892
4472809,12,1174.215446,1174.317617,1174.23588,1.57E+36,FALSE,8659,2.973,3.791,0.003814272,0.102170883,56007.21545,56007.31762,56007.23588
4472809,12,1123.192408,1123.294574,1123.233275,1.65E+36,FALSE,8659,2.973,3.791,0.002502686,0.102166486,55956.19241,55956.29457,55956.23327
4472809,17,1587.179987,1587.261725,1587.220856,1.80E+36,FALSE,8659,2.973,3.791,0.003035945,0.081738123,56420.17999,56420.26172,56420.22086
4472809,16,1515.169984,1515.231285,1515.190418,1.82E+36,FALSE,8659,2.973,3.791,0.003764059,0.061300894,56348.16998,56348.23128,56348.19042
4472809,13,1272.587006,1272.668743,1272.60744,2.21E+36,FALSE,8659,2.973,3.791,0.003435673,0.081737573,56105.58701,56105.66874,56105.60744
4472809,17,1573.264087,1573.36626,1573.304956,2.25E+36,FALSE,8659,2.973,3.791,0.008435289,0.102172424,56406.26409,56406.36626,56406.30496
4472809,12,1129.342842,1129.485876,1129.383709,2.27E+36,FALSE,8659,2.973,3.791,0.005747731,0.143033712,55962.34284,55962.48588,55962.38371
4472809,9,863.647737,863.74991,863.6886063,2.68E+36,FALSE,8659,2.973,3.791,0.008816432,0.102172975,55696.64774,55696.74991,55696.68861
4472809,13,1229.224918,1229.36796,1229.245352,2.71E+36,FALSE,8659,2.973,3.791,0.005589025,0.143042168,56062.22492,56062.36796,56062.24535
4472809,1,148.5139046,148.6365115,148.5547736,2.79E+36,FALSE,8659,2.973,3.791,0.006032098,0.122606866,54981.5139,54981.63651,54981.55477
4472809,16,1475.161624,1475.263789,1475.20249,2.84E+36,FALSE,8659,2.973,3.791,0.007276022,0.102164729,56308.16162,56308.26379,56308.20249
4472809,11,1015.389235,1015.511831,1015.409667,3.02E+36,FALSE,8659,2.973,3.791,0.006417118,0.122596775,55848.38923,55848.51183,55848.40967
4472809,13,1198.940918,1199.104394,1198.981787,3.35E+36,FALSE,8659,2.973,3.791,0.008612618,0.163475689,56031.94092,56032.10439,56031.98179
4472809,5,505.6721719,505.8356485,505.7130412,4.79E+36,FALSE,8659,2.973,3.791,0.009709935,0.163476554,55338.67217,55338.83565,55338.71304
4550962,7,644.3146293,644.4372256,644.3554948,1.20E+37,FALSE,7528,4.022,3.507,0.021953563,0.122596285,55477.31463,55477.43723,55477.35549
4567400,8,798.9523524,799.0136547,798.9727865,3.73E+35,FALSE,7912,2.452,3.934,0.003097746,0.061302261,55631.95235,55632.01365,55631.97279
4641547,16,1551.808466,1551.910637,1551.849334,2.67E+35,FALSE,7675,1.887,4.115,0.0024883,0.102171496,56384.80847,56384.91064,56384.84933
4641547,7,658.9852203,659.2099792,659.005653,5.34E+35,FALSE,7675,1.887,4.115,0.003557355,0.224758938,55491.98522,55492.20998,55492.00565
4768668,10,955.703976,955.7857108,955.7244097,8.53E+35,FALSE,7919,1.997,4.058,0.007986515,0.08173477,55788.70398,55788.78571,55788.72441
4921489,11,1021.294066,1021.375797,1021.314499,4.84E+35,FALSE,8404,3.106,3.756,0.00154643,0.081730912,55854.29407,55854.3758,55854.3145
4946049,9,887.7602903,887.8215939,887.7807249,3.50E+35,FALSE,8046,3.339,3.704,0.001484214,0.061303625,55720.76029,55720.82159,55720.78072
4995049,11,1096.853984,1096.956149,1096.89485,1.83E+35,FALSE,8173,3.169,3.744,0.000770412,0.102165203,55929.85398,55929.95615,55929.89485
4995049,11,1093.584697,1093.80946,1093.625563,3.67E+35,FALSE,8173,3.169,3.744,0.001305481,0.224763266,55926.5847,55926.80946,55926.62556
4999645,11,1093.584755,1093.768651,1093.62562,3.01E+35,FALSE,9036,2.186,4.093,0.000909892,0.183896714,55926.58475,55926.76865,55926.62562
5106287,17,1576.615356,1576.67666,1576.635791,2.12E+35,FALSE,7894,3.03,3.75,0.001161172,0.061303409,56409.61536,56409.67666,56409.63579
5126115,1,134.6998387,134.7611424,134.7202733,3.98E+35,FALSE,7537,3.881,3.565,0.001455658,0.061303695,54967.69984,54967.76114,54967.72027
5129738,16,1503.68635,1503.74765,1503.706783,1.38E+35,FALSE,9296,2.253,4.085,0.001032572,0.061299834,56336.68635,56336.74765,56336.70678
5129777,4,439.3414392,439.4027417,439.3618733,1.23E+36,FALSE,8340,3.15,3.751,0.003904686,0.061302545,55272.34144,55272.40274,55272.36187
5201872,2,257.6302447,257.6915437,257.6506777,1.03E+34,FALSE,8122,2.25,3.997,0.001319831,0.061298953,55090.63024,55090.69154,55090.65068
5201872,11,1084.45163,1084.615091,1084.472062,8.03E+34,FALSE,8122,2.25,3.997,0.001491253,0.163461471,55917.45163,55917.61509,55917.47206
5201872,15,1396.087375,1396.250837,1396.107808,2.52E+35,FALSE,8122,2.25,3.997,0.000856041,0.163461746,56229.08738,56229.25084,56229.10781
5273195,2,186.7055408,186.8077107,186.7259747,3.04E+35,FALSE,8560,2.907,3.806,0.001202208,0.102169866,55019.70554,55019.80771,55019.72597
5307990,0,121.6624652,121.7237691,121.6828999,1.30E+35,FALSE,9456,2.022,4.172,0.00092134,0.061303823,54954.66247,54954.72377,54954.6829
5307990,5,529.0080091,529.0693125,529.0284436,1.63E+35,FALSE,9456,2.022,4.172,0.001150542,0.061303444,55362.00801,55362.06931,55362.02844
5307990,13,1204.764341,1204.825644,1204.784775,2.84E+35,FALSE,9456,2.022,4.172,0.000762091,0.061303291,56037.76434,56037.82564,56037.78478
5307990,7,665.2793715,665.3406693,665.2998041,3.52E+35,FALSE,9456,2.022,4.172,0.002290394,0.061297871,55498.27937,55498.34067,55498.2998
5356665,8,742.2694485,742.3716147,742.2898816,8.01E+34,FALSE,7663,2.772,3.842,0.001054122,0.102166177,55575.26945,55575.37161,55575.28988
5360548,6,552.3851136,552.4668499,552.4055477,3.87E+35,FALSE,8645,2.851,3.819,0.002465262,0.08173626,55385.38511,55385.46685,55385.40555
5377574,4,415.862947,415.9242486,415.8833808,1.84E+35,FALSE,7640,2.911,3.83,0.000827257,0.061301596,55248.86295,55248.92425,55248.88338
5386810,6,542.0452111,542.1269484,542.0860796,2.53E+35,FALSE,7626,1.797,4.168,0.002061027,0.081737305,55375.04521,55375.12695,55375.08608
5396265,2,174.5878504,174.6491534,174.6082847,3.94E+35,FALSE,7620,2.114,4.017,0.001469757,0.061302997,55007.58785,55007.64915,55007.60828
5476495,10,986.3542062,986.4563726,986.3746395,1.88E+35,FALSE,7582,2.45,3.904,0.002285503,0.102166408,55819.35421,55819.45637,55819.37464
5476495,13,1200.227956,1200.309693,1200.268824,2.33E+35,FALSE,7582,2.45,3.904,0.001535114,0.081737547,56033.22796,56033.30969,56033.26882
5476495,17,1565.069576,1565.151313,1565.090011,2.70E+35,FALSE,7582,2.45,3.904,0.001939587,0.081737204,56398.06958,56398.15131,56398.09001
5476495,13,1188.907338,1189.00951,1188.927773,3.15E+35,FALSE,7582,2.45,3.904,0.001183893,0.102171167,56021.90734,56022.00951,56021.92777
5476495,13,1213.265137,1213.367309,1213.285571,3.15E+35,FALSE,7582,2.45,3.904,0.003215515,0.102172612,56046.26514,56046.36731,56046.28557
5476495,3,306.995941,307.0981037,307.0368061,3.88E+35,FALSE,7582,2.45,3.904,0.001824614,0.102162692,55139.99594,55140.0981,55140.03681
5479271,13,1215.982887,1216.04419,1216.003321,3.68E+35,FALSE,8910,2.057,4.13,0.001566529,0.061303552,56048.98289,56049.04419,56049.00332
5546463,9,900.8179663,900.899704,900.8384008,1.27E+35,FALSE,8468,1.91,4.114,0.001083719,0.081737699,55733.81797,55733.8997,55733.8384
5566886,13,1240.27957,1240.340874,1240.300004,5.16E+34,FALSE,8302,1.906,4.115,0.00074845,0.061303813,56073.27957,56073.34087,56073.3
5615282,5,528.5793109,528.6814824,528.6201795,1.48E+35,FALSE,8338,2.346,3.962,0.00097806,0.102171491,55361.57931,55361.68148,55361.62018
5630362,13,1231.595218,1231.697391,1231.615652,7.40E+36,FALSE,7821,2.634,3.88,0.033180124,0.102172716,56064.59522,56064.69739,56064.61565
5632093,7,646.2766532,646.3583845,646.3175188,1.99E+35,FALSE,8254,1.996,4.083,0.001755269,0.081731237,55479.27665,55479.35838,55479.31752
5632093,11,1091.153586,1091.214884,1091.174018,2.12E+35,FALSE,8254,1.996,4.083,0.001428578,0.061298345,55924.15359,55924.21488,55924.17402
5632093,13,1183.512927,1183.594663,1183.533361,2.51E+35,FALSE,8254,1.996,4.083,0.002059128,0.081736902,56016.51293,56016.59466,56016.53336
5632093,0,125.197936,125.2592397,125.2183705,2.79E+35,FALSE,8254,1.996,4.083,0.003048717,0.061303703,54958.19794,54958.25924,54958.21837
5632093,2,217.3766119,217.4583462,217.3970454,2.85E+35,FALSE,8254,1.996,4.083,0.002338957,0.081734337,55050.37661,55050.45835,55050.39705
5632093,11,1025.156162,1025.237893,1025.176595,2.97E+35,FALSE,8254,1.996,4.083,0.002319412,0.081730881,55858.15616,55858.23789,55858.17659
5632093,12,1116.183945,1116.28611,1116.204378,3.26E+35,FALSE,8254,1.996,4.083,0.00213569,0.102165713,55949.18394,55949.28611,55949.20438
5632093,11,1040.848451,1040.950614,1040.868884,3.54E+35,FALSE,8254,1.996,4.083,0.003217998,0.102163186,55873.84845,55873.95061,55873.86888
5707999,4,441.8348721,441.9574777,441.8553064,5.37E+35,FALSE,7841,1.083,4.454,0.010488436,0.122605629,55274.83487,55274.95748,55274.85531
5731646,7,639.513581,639.5748798,639.5340139,2.21E+35,FALSE,9044,2.021,4.15,0.001679904,0.061298788,55472.51358,55472.57488,55472.53401
5736532,11,1073.683862,1073.745159,1073.704294,1.09E+35,FALSE,8251,1.905,4.148,0.00163153,0.061297828,55906.68386,55906.74516,55906.70429
5736532,9,895.4230545,895.484358,895.4434889,1.26E+35,FALSE,8251,1.905,4.148,0.001337588,0.061303527,55728.42305,55728.48436,55728.44349
5736532,9,832.3415889,832.4028921,832.3620233,1.37E+35,FALSE,8251,1.905,4.148,0.001793734,0.061303246,55665.34159,55665.40289,55665.36202
5736532,9,828.4999214,828.5816589,828.5203558,2.30E+35,FALSE,8251,1.905,4.148,0.000863296,0.081737507,55661.49992,55661.58166,55661.52036
5736532,13,1264.617171,1264.698909,1264.637606,2.47E+35,FALSE,8251,1.905,4.148,0.003677977,0.08173811,56097.61717,56097.69891,56097.63761
5736532,12,1124.581995,1124.663727,1124.602428,3.07E+35,FALSE,8251,1.905,4.148,0.002478782,0.08173261,55957.58199,55957.66373,55957.60243
5736532,12,1155.763414,1155.845149,1155.783847,3.07E+35,FALSE,8251,1.905,4.148,0.003043904,0.081734934,55988.76341,55988.84515,55988.78385
5736532,4,426.6519046,426.7540744,426.6723386,3.08E+35,FALSE,8251,1.905,4.148,0.003991649,0.102169816,55259.6519,55259.75407,55259.67234
5736532,10,959.9541264,960.0358612,959.97456,3.18E+35,FALSE,8251,1.905,4.148,0.004773848,0.081734751,55792.95413,55793.03586,55792.97456
5738918,11,1066.328191,1066.389489,1066.348624,1.10E+35,FALSE,7901,2.423,3.958,0.000943664,0.061297743,55899.32819,55899.38949,55899.34862
5783368,14,1366.111957,1366.234555,1366.152823,8.07E+36,FALSE,8757,2.923,3.803,0.017648198,0.122597984,56199.11196,56199.23456,56199.15282
5870686,11,1082.53071,1082.592008,1082.551142,4.15E+34,FALSE,7751,2.552,3.913,0.000609426,0.061298434,55915.53071,55915.59201,55915.55114
5870686,4,421.7277858,421.8299561,421.7686539,9.42E+34,FALSE,7751,2.552,3.913,0.00108265,0.102170342,55254.72779,55254.82996,55254.76865
5870686,11,1017.616073,1017.759103,1017.636506,1.10E+35,FALSE,7751,2.552,3.913,0.000850583,0.143029328,55850.61607,55850.7591,55850.63651
5880770,11,1055.028517,1055.089815,1055.04895,2.65E+35,FALSE,9434,2.53,4.009,0.000865271,0.061297827,55888.02852,55888.08982,55888.04895
5905878,11,1028.282643,1028.343941,1028.303076,6.15E+34,TRUE,8554,2.237,4.05,0.000562719,0.061298158,55861.28264,55861.34394,55861.30308
5905878,11,1075.461498,1075.543229,1075.481931,7.49E+34,FALSE,8554,2.237,4.05,0.002104542,0.081730457,55908.4615,55908.54323,55908.48193
5905878,15,1406.712617,1406.794348,1406.73305,1.34E+35,FALSE,8554,2.237,4.05,0.002279232,0.081730763,56239.71262,56239.79435,56239.73305
5905878,1,151.3947627,151.4560663,151.4151973,1.57E+35,FALSE,8554,2.237,4.05,0.00099447,0.061303551,54984.39476,54984.45607,54984.4152
5905878,5,511.046028,511.1482007,511.0664625,1.84E+35,FALSE,8554,2.237,4.05,0.001745916,0.102172734,55344.04603,55344.1482,55344.06646
5905878,6,626.1300141,626.2526127,626.1708804,2.89E+35,FALSE,8554,2.237,4.05,0.001839608,0.122598685,55459.13001,55459.25261,55459.17088
5905878,16,1538.46439,1538.586993,1538.484824,3.28E+35,FALSE,8554,2.237,4.05,0.002457333,0.122603329,56371.46439,56371.58699,56371.48482
6049182,15,1435.011388,1435.072686,1435.031821,9.99E+34,FALSE,8014,2.43,3.94,0.001457843,0.061297869,56268.01139,56268.07269,56268.03182
6138789,14,1367.215689,1367.276988,1367.236122,1.35E+35,FALSE,7557,2.98,3.786,0.0010283,0.061299307,56200.21569,56200.27699,56200.23612
6143228,6,590.3715441,590.432845,590.3919778,2.06E+35,FALSE,8224,2.141,4.032,0.001387103,0.061300873,55423.37154,55423.43285,55423.39198
6143228,9,820.7350404,820.7963433,820.7554747,2.92E+35,FALSE,8224,2.141,4.032,0.002262815,0.061302903,55653.73504,55653.79634,55653.75547
6219684,6,571.6746336,571.7768031,571.6950675,5.43E+36,FALSE,9611,3.366,3.818,0.007926071,0.10216953,55404.67463,55404.7768,55404.69507
6219684,5,516.1344055,516.2161434,516.15484,5.74E+36,FALSE,9611,3.366,3.818,0.027841781,0.081737954,55349.13441,55349.21614,55349.15484
6219684,7,632.5662119,632.6479436,632.5866447,6.16E+36,FALSE,9611,3.366,3.818,0.011768344,0.081731778,55465.56621,55465.64794,55465.58664
6219684,10,949.7167272,949.8393301,949.7371611,7.80E+36,FALSE,9611,3.366,3.818,0.007533818,0.122602868,55782.71673,55782.83933,55782.73716
6219684,16,1491.426521,1491.54912,1491.446954,1.02E+37,FALSE,9611,3.366,3.818,0.017075433,0.12259891,56324.42652,56324.54912,56324.44695
6219684,12,1100.797946,1100.981842,1100.838812,2.72E+37,FALSE,9611,3.366,3.818,0.022385137,0.183896191,55933.79795,55933.98184,55933.83881
6219684,9,811.5192651,811.7236071,811.5601334,4.83E+37,FALSE,9611,3.366,3.818,0.050964449,0.204342017,55644.51927,55644.72361,55644.56013
6222668,17,1571.159178,1571.220481,1571.179613,1.58E+35,FALSE,8810,2.353,4.055,0.001015602,0.06130309,56404.15918,56404.22048,56404.17961
6222668,14,1367.133984,1367.23615,1367.154417,1.67E+35,FALSE,8810,2.353,4.055,0.001420991,0.102165472,56200.13398,56200.23615,56200.15442
6222668,14,1288.096362,1288.198534,1288.137231,1.67E+35,FALSE,8810,2.353,4.055,0.001020292,0.102171327,56121.09636,56121.19853,56121.13723
6222668,5,536.2827131,536.3644506,536.3031475,1.81E+35,FALSE,8810,2.353,4.055,0.000872046,0.08173748,55369.28271,55369.36445,55369.30315
6222884,14,1299.886897,1299.9482,1299.907332,3.75E+35,FALSE,8527,2.123,4.125,0.001702799,0.061302378,56132.8869,56132.9482,56132.90733
6231451,15,1424.529814,1424.611545,1424.550247,1.51E+36,FALSE,7684,2.467,3.932,0.010567753,0.081730442,56257.52981,56257.61154,56257.55025
6381306,2,250.9281975,251.00993,250.9486306,5.32E+35,FALSE,8283,3.245,3.7,0.001632703,0.081732522,55083.9282,55084.00993,55083.94863
6441729,7,702.0780105,702.1597414,702.0984432,2.05E+35,FALSE,7556,2.237,3.899,0.001790946,0.081730911,55535.07801,55535.15974,55535.09844
6451234,1,136.8047863,136.8660899,136.8252209,1.39E+35,FALSE,8336,2.097,4.084,0.001337676,0.061303614,54969.80479,54969.86609,54969.82522
6451234,4,374.9755941,375.057327,374.9960274,2.14E+35,FALSE,8336,2.097,4.084,0.001590914,0.081732845,55207.97559,55208.05733,55207.99603
6451234,7,679.581842,679.6431399,679.6022747,2.24E+35,FALSE,8336,2.097,4.084,0.001264237,0.061297859,55512.58184,55512.64314,55512.60227
6515722,6,605.0833238,605.2876562,605.1241903,1.79E+36,FALSE,9174,2.471,4.013,0.002771966,0.204332458,55438.08332,55438.28766,55438.12419
6720720,13,1231.697063,1231.758367,1231.717498,2.82E+35,FALSE,7855,2.314,3.978,0.001623311,0.061303732,56064.69706,56064.75837,56064.7175
6853881,3,316.6803951,316.7416932,316.7008278,2.69E+36,FALSE,9631,3.321,3.828,0.006556752,0.061298105,55149.6804,55149.74169,55149.70083
6887983,1,152.3347296,152.396033,152.3551641,1.90E+35,FALSE,8912,2.299,4.05,0.001443725,0.061303404,54985.33473,54985.39603,54985.35516
7059699,17,1578.924133,1579.005871,1578.944567,7.51E+35,FALSE,7505,2.614,3.896,0.008607413,0.081737667,56411.92413,56412.00587,56411.94457
7097723,8,753.8349715,753.9575729,753.8758385,3.96E+36,FALSE,8617,3.018,3.78,0.012406857,0.122601411,55586.83497,55586.95757,55586.87584
7097723,2,234.1518994,234.2949315,234.1723326,4.98E+36,FALSE,8617,3.018,3.78,0.010180831,0.1430321,55067.1519,55067.29493,55067.17233
7097723,0,121.7247485,121.8677894,121.7656173,6.80E+36,FALSE,8617,3.018,3.78,0.012675182,0.143040929,54954.72475,54954.86779,54954.76562
7200092,12,1119.167316,1119.228616,1119.18775,8.24E+34,FALSE,7671,1.927,4.121,0.000834717,0.061299802,55952.16732,55952.22862,55952.18775
7523115,15,1419.278079,1419.339377,1419.298511,3.11E+35,FALSE,8659,2.973,3.791,0.00154321,0.061298081,56252.27808,56252.33938,56252.29851
7523115,4,423.0356759,423.0969779,423.05611,3.36E+35,FALSE,8659,2.973,3.791,0.001563873,0.061302092,55256.03568,55256.09698,55256.05611
7523115,5,517.9328382,517.9941412,517.9532726,4.00E+35,FALSE,8659,2.973,3.791,0.00166621,0.061303047,55350.93284,55350.99414,55350.95327
7523115,3,312.0014263,312.083157,312.0218589,5.81E+35,FALSE,8659,2.973,3.791,0.001920982,0.081730781,55145.00143,55145.08316,55145.02186
7523115,12,1115.734552,1115.816285,1115.754985,6.07E+35,FALSE,8659,2.973,3.791,0.002422365,0.081733002,55948.73455,55948.81628,55948.75499
7523115,3,347.7792283,347.8609601,347.7996613,6.29E+35,FALSE,8659,2.973,3.791,0.002544538,0.081731815,55180.77923,55180.86096,55180.79966
7523115,17,1573.979604,1574.143079,1574.000038,1.02E+36,FALSE,8659,2.973,3.791,0.001666051,0.16347515,56406.9796,56407.14308,56407.00004
7630690,13,1231.778824,1231.840127,1231.799258,3.83E+35,FALSE,9183,2.742,3.94,0.001184535,0.061303526,56064.77882,56064.84013,56064.79926
7676610,10,915.8984097,915.959712,915.9188439,7.88E+36,FALSE,8665,2.985,3.787,0.033113293,0.06130227,55748.89841,55748.95971,55748.91884
7809801,3,323.6274688,323.6887672,323.6479015,1.15E+36,FALSE,8379,2.703,3.909,0.00856815,0.061298392,55156.62747,55156.68877,55156.6479
7809801,3,329.8186119,329.8799105,329.8390447,1.15E+36,FALSE,8379,2.703,3.909,0.002915268,0.06129852,55162.81861,55162.87991,55162.83904
7809801,3,297.8822056,297.9639366,297.9026384,1.79E+36,FALSE,8379,2.703,3.909,0.012101408,0.081731019,55130.88221,55130.96394,55130.90264
7837129,3,306.5259145,306.5872125,306.5463472,1.79E+35,FALSE,8302,3.195,3.717,0.000748256,0.061297986,55139.52591,55139.58721,55139.54635
7837129,10,926.4013741,926.4626764,926.4218082,2.24E+35,FALSE,8302,3.195,3.717,0.000936142,0.061302373,55759.40137,55759.46268,55759.42181
7839027,4,439.341704,439.505177,439.3621381,8.91E+37,FALSE,7707,3.09,3.738,0.281893993,0.163472999,55272.3417,55272.50518,55272.36214
7899980,4,435.7250039,435.7863062,435.7454379,1.45E+36,FALSE,8152,2.381,3.984,0.011590672,0.061302323,55268.725,55268.78631,55268.74544
7899980,17,1580.743052,1580.845224,1580.783921,2.17E+36,FALSE,8152,2.381,3.984,0.010380497,0.102171944,56413.74305,56413.84522,56413.78392
7899980,6,579.8888291,579.9501304,579.9092628,3.82E+36,FALSE,8152,2.381,3.984,0.03050296,0.061301248,55412.88883,55412.95013,55412.90926
7939835,10,970.864874,970.9261737,970.8853071,7.37E+34,FALSE,7879,3.016,3.819,0.000946655,0.061299672,55803.86487,55803.92617,55803.88531
7941202,8,749.6461913,749.7074919,749.666625,7.49E+35,FALSE,9983,3.455,3.817,0.001556512,0.061300573,55582.64619,55582.70749,55582.66662
7978512,3,307.9767127,308.0380107,307.9971454,1.95E+35,FALSE,9541,2.259,4.096,0.001022979,0.061297975,55140.97671,55141.03801,55140.99715
7978512,2,174.0154967,174.0767995,174.0359309,2.89E+35,FALSE,9541,2.259,4.096,0.000996812,0.061302769,55007.0155,55007.0768,55007.03593
7978512,6,541.8406102,541.9223474,541.8610445,3.07E+35,FALSE,9541,2.259,4.096,0.001272494,0.081737125,55374.84061,55374.92235,55374.86104
7978512,10,951.7394833,951.8416523,951.7803509,3.30E+35,FALSE,9541,2.259,4.096,0.001326008,0.102168989,55784.73948,55784.84165,55784.78035
7978512,7,638.7982923,638.9004572,638.8187252,3.81E+35,FALSE,9541,2.259,4.096,0.001261606,0.102164881,55471.79829,55471.90046,55471.81873
7978512,5,525.3909524,525.47269,525.4113868,6.22E+35,FALSE,9541,2.259,4.096,0.00328888,0.081737649,55358.39095,55358.47269,55358.41139
7978512,9,870.7380853,870.8402577,870.7585198,9.51E+35,FALSE,9541,2.259,4.096,0.004915528,0.102172416,55703.73809,55703.84026,55703.75852
7978512,12,1150.900462,1151.125232,1150.941329,1.88E+36,FALSE,9541,2.259,4.096,0.005053235,0.224769864,55983.90046,55984.12523,55983.94133
7978512,14,1341.387856,1341.653492,1341.449157,1.98E+36,FALSE,9541,2.259,4.096,0.005115083,0.265636298,56174.38786,56174.65349,56174.44916
7979504,8,747.9502405,748.0524062,747.9911068,3.98E+35,FALSE,7846,3.066,3.743,0.002539016,0.102165721,55580.95024,55581.05241,55580.99111
8044889,6,604.531768,604.6135017,604.5726348,1.59E+36,FALSE,7884,3.048,3.747,0.012284068,0.08173366,55437.53177,55437.6135,55437.57263
8057661,10,919.3718601,919.433163,919.3922945,4.33E+35,FALSE,8450,3.092,3.763,0.00183147,0.061302937,55752.37186,55752.43316,55752.39229
8142623,13,1260.183678,1260.244981,1260.204112,7.33E+36,FALSE,9573,2.086,4.155,0.04702197,0.061302499,56093.18368,56093.24498,56093.20411
8142623,8,777.2114172,777.2931531,777.2318512,7.87E+36,FALSE,9573,2.086,4.155,0.026004914,0.081735899,55610.21142,55610.29315,55610.23185
8142623,7,682.8502559,682.9319874,682.8911216,8.81E+36,FALSE,9573,2.086,4.155,0.053555252,0.08173145,55515.85026,55515.93199,55515.89112
8142623,15,1381.395027,1381.476759,1381.41546,8.98E+36,FALSE,9573,2.086,4.155,0.043178455,0.081731323,56214.39503,56214.47676,56214.41546
8330793,5,472.7923576,472.8536608,472.8127921,2.96E+35,FALSE,7633,1.702,4.165,0.00602439,0.061303225,55305.79236,55305.85366,55305.81279
8515910,16,1550.295907,1550.377643,1550.336775,8.03E+35,FALSE,8361,3.549,3.685,0.001650233,0.081736117,56383.29591,56383.37764,56383.33678
8523871,4,403.2351059,403.3781402,403.2555394,2.43E+35,FALSE,8470,1.164,4.439,0.003706136,0.14303435,55236.23511,55236.37814,55236.25554
8575073,6,552.9567619,553.0180643,552.9771961,2.13E+35,FALSE,7780,2.856,3.814,0.001375492,0.061302441,55385.95676,55386.01806,55385.9772
8686824,1,148.3093531,148.4523933,148.3502217,2.48E+36,FALSE,9251,4.856,3.476,0.001795757,0.143040231,54981.30935,54981.45239,54981.35022
8686975,3,302.7455001,302.8272311,302.7659329,4.90E+35,FALSE,7516,2.935,3.8,0.002526548,0.081730969,55135.7455,55135.82723,55135.76593
8823868,16,1520.094905,1520.156206,1520.115338,5.39E+35,FALSE,9974,2.533,4.048,0.001628239,0.06130103,56353.0949,56353.15621,56353.11534
8904448,17,1576.349472,1576.410775,1576.369906,4.56E+37,FALSE,8037,3.288,3.709,0.199815208,0.061302875,56409.34947,56409.41078,56409.36991
9052883,2,206.2602848,206.3624545,206.2807188,1.42E+35,FALSE,7505,2.074,4.031,0.001772157,0.102169789,55039.26028,55039.36245,55039.28072
9178929,9,867.4274835,867.4887869,867.447918,6.22E+35,FALSE,7547,2.032,4.045,0.008807222,0.061303396,55700.42748,55700.48879,55700.44792
9206046,6,591.8216481,591.9238152,591.8420814,1.30E+36,FALSE,7511,2.034,4,0.011180493,0.102167034,55424.82165,55424.92382,55424.84208
9206046,4,439.8329312,439.8942338,439.8533655,3.37E+36,FALSE,7511,2.034,4,0.018712354,0.061302631,55272.83293,55272.89423,55272.85337
9206046,4,378.4291628,378.5313301,378.4700297,4.01E+36,FALSE,7511,2.034,4,0.014549673,0.102167303,55211.42916,55211.53133,55211.47003
9206046,10,974.3997962,974.5428291,974.4202295,5.58E+36,FALSE,7511,2.034,4,0.034356291,0.143032959,55807.3998,55807.54283,55807.42023
9206046,4,353.5618481,353.7661795,353.6027144,9.26E+36,FALSE,7511,2.034,4,0.055530581,0.204331356,55186.56185,55186.76618,55186.60271
9206046,7,697.8483484,698.0322444,697.8892142,1.37E+37,FALSE,7511,2.034,4,0.092952488,0.18389598,55530.84835,55531.03224,55530.88921
9206046,14,1366.152343,1366.356674,1366.213642,1.67E+37,FALSE,7511,2.034,4,0.111546704,0.204330696,56199.15234,56199.35667,56199.21364
9216367,4,360.2435914,360.3253237,360.2640244,7.63E+35,FALSE,8061,3.399,3.668,0.002326175,0.081732346,55193.24359,55193.32532,55193.26402
9216367,10,966.104043,966.2062105,966.1244765,9.10E+35,FALSE,8061,3.399,3.668,0.002219813,0.102167555,55799.10404,55799.20621,55799.12448
9216367,9,845.8289125,845.9515187,845.849347,1.07E+36,FALSE,8061,3.399,3.668,0.002557548,0.122606268,55678.82891,55678.95152,55678.84935
9216367,12,1175.748461,1175.911933,1175.809763,1.11E+36,FALSE,8061,3.399,3.668,0.002356809,0.163472512,56008.74846,56008.91193,56008.80976
9216367,16,1491.712925,1491.774225,1491.733359,2.08E+36,FALSE,8061,3.399,3.668,0.002112047,0.06129986,56324.71293,56324.77423,56324.73336
9216367,8,789.8596822,789.9822856,789.880116,3.74E+36,FALSE,8061,3.399,3.668,0.007604958,0.122603367,55622.85968,55622.98229,55622.88012
9304955,2,186.7253048,186.7866073,186.7457391,8.16E+34,FALSE,8132,2.214,4.008,0.000944808,0.061302466,55019.7253,55019.78661,55019.74574
9306998,12,1158.501862,1158.563163,1158.522296,1.89E+35,FALSE,8067,2.064,4.095,0.00207925,0.061300942,55991.50186,55991.56316,55991.5223
9396171,9,863.4026713,863.4639744,863.4231057,1.78E+35,FALSE,9649,2.399,4.058,0.00084378,0.061303094,55696.40267,55696.46397,55696.42311
9405701,13,1231.595244,1231.697416,1231.615678,9.67E+35,FALSE,8076,2.081,4.075,0.002972207,0.102171905,56064.59524,56064.69742,56064.61568
9462914,12,1167.370539,1167.431841,1167.390973,2.55E+35,FALSE,8287,2.382,3.991,0.002352662,0.061301863,56000.37054,56000.43184,56000.39097
9532168,11,1093.585446,1093.687611,1093.626312,2.33E+36,FALSE,8160,3.886,3.564,0.004174365,0.102164676,55926.58545,55926.68761,55926.62631
9604762,6,612.439328,612.5006282,612.4597615,2.41E+35,FALSE,7509,2.827,3.771,0.001790122,0.061300173,55445.43933,55445.50063,55445.45976
9604762,5,465.477125,465.5384279,465.4975594,2.50E+35,FALSE,7509,2.827,3.771,0.002401051,0.061302905,55298.47713,55298.53843,55298.49756
9604762,2,174.4852405,174.5465431,174.5056748,3.24E+35,FALSE,7509,2.827,3.771,0.001571187,0.061302679,55007.48524,55007.54654,55007.50567
9604762,2,184.886235,184.9679715,184.9066691,4.31E+35,FALSE,7509,2.827,3.771,0.003243015,0.081736501,55017.88624,55017.96797,55017.90667
9604762,12,1102.167407,1102.269572,1102.18784,4.33E+35,FALSE,7509,2.827,3.771,0.001930842,0.102164707,55935.16741,55935.26957,55935.18784
9604762,13,1189.847599,1189.929335,1189.868033,4.92E+35,FALSE,7509,2.827,3.771,0.002746013,0.081736462,56022.8476,56022.92934,56022.86803
9656741,3,342.6101254,342.671424,342.6305583,2.39E+35,FALSE,7557,1.871,4.101,0.003410783,0.061298635,55175.61013,55175.67142,55175.63056
9666597,16,1531.231246,1531.292547,1531.25168,3.97E+35,FALSE,8283,3.123,3.757,0.001752389,0.061301081,56364.23125,56364.29255,56364.25168
9760777,6,567.526076,567.5873772,567.5465098,2.66E+35,FALSE,8171,2.832,3.799,0.001490135,0.061301216,55400.52608,55400.58738,55400.54651
9839044,2,173.6270743,173.6883767,173.6475084,5.99E+34,FALSE,8329,1.875,4.164,0.00092838,0.06130242,55006.62707,55006.68838,55006.64751
9944438,8,753.4879337,753.5492341,753.5083673,6.27E+34,FALSE,8423,3.927,3.574,0.000960064,0.061300393,55586.48793,55586.54923,55586.50837
9944438,17,1573.652802,1573.734539,1573.673236,6.01E+35,FALSE,8423,3.927,3.574,0.001194821,0.081737074,56406.6528,56406.73454,56406.67324
10082844,1,155.726662,155.8083992,155.7470963,1.50E+36,FALSE,9643,2.132,4.142,0.006752906,0.081737189,54988.72666,54988.8084,54988.7471
10082844,7,679.1733653,679.2550964,679.1937981,2.11E+36,FALSE,9643,2.132,4.142,0.010599444,0.081731119,55512.17337,55512.2551,55512.1938
10082844,13,1250.435558,1250.558164,1250.476426,4.36E+36,FALSE,9643,2.132,4.142,0.016589485,0.122606255,56083.43556,56083.55816,56083.47643
10281360,3,326.1617718,326.2230701,326.1822046,3.22E+35,FALSE,7776,2.106,4.019,0.003836212,0.061298381,55159.16177,55159.22307,55159.1822
10422241,12,1145.547194,1145.608495,1145.567628,2.06E+35,FALSE,8037,1.917,4.132,0.002297415,0.061300444,55978.54719,55978.60849,55978.56763
10422241,8,786.8762201,786.9375212,786.8966538,2.59E+35,FALSE,8037,1.917,4.132,0.003676004,0.061301029,55619.87622,55619.93752,55619.89665
10422241,14,1323.855366,1323.916667,1323.8758,4.26E+35,FALSE,8037,1.917,4.132,0.006024879,0.061301651,56156.85537,56156.91667,56156.8758
10422241,10,996.6929414,996.7542412,996.7133747,5.01E+35,FALSE,8037,1.917,4.132,0.003177629,0.061299792,55829.69294,55829.75424,55829.71337
10422241,10,947.2640865,947.3458221,947.2845204,5.23E+35,FALSE,8037,1.917,4.132,0.009769169,0.08173561,55780.26409,55780.34582,55780.28452
10422241,3,339.7497506,339.8723474,339.7701834,5.53E+35,FALSE,8037,1.917,4.132,0.004741776,0.122596798,55172.74975,55172.87235,55172.77018
10425615,10,929.8951714,929.9564738,929.9156055,2.77E+35,FALSE,7687,3.409,3.713,0.001145731,0.061302345,55762.89517,55762.95647,55762.91561
10483230,5,521.9169025,522.0190743,521.9373369,4.97E+35,FALSE,7728,2.356,3.933,0.003273981,0.102171767,55354.9169,55355.01907,55354.93734
10483230,4,424.8951486,424.9768838,424.9155823,1.01E+36,FALSE,7728,2.356,3.933,0.007351446,0.081735242,55257.89515,55257.97688,55257.91558
10489286,14,1359.94115,1360.00245,1359.961583,2.27E+35,FALSE,8572,3.034,3.776,0.001031039,0.061300168,56192.94115,56193.00245,56192.96158
10489286,2,215.2100824,215.2713837,215.2305161,2.39E+35,FALSE,8572,3.034,3.776,0.001082341,0.061301339,55048.21008,55048.27138,55048.23052
10489286,16,1507.160684,1507.221984,1507.181117,2.45E+35,FALSE,8572,3.034,3.776,0.001232528,0.061299955,56340.16068,56340.22198,56340.18112
10489286,1,141.8719533,141.9536908,141.8923877,2.60E+35,FALSE,8572,3.034,3.776,0.001066843,0.081737557,54974.87195,54974.95369,54974.89239
10489286,0,123.8488187,123.910122,123.8692531,2.64E+35,FALSE,8572,3.034,3.776,0.001033302,0.061303274,54956.84882,54956.91012,54956.86925
10489286,12,1115.653324,1115.714623,1115.673757,2.80E+35,FALSE,8572,3.034,3.776,0.001126406,0.061299209,55948.65332,55948.71462,55948.67376
10489286,16,1540.773896,1540.835198,1540.79433,2.87E+35,FALSE,8572,3.034,3.776,0.001137262,0.061301494,56373.7739,56373.8352,56373.79433
10489286,4,412.2057391,412.26704,412.2261728,2.91E+35,FALSE,8572,3.034,3.776,0.001343172,0.061300871,55245.20574,55245.26704,55245.22617
10489286,13,1263.635931,1263.697234,1263.656365,3.92E+35,FALSE,8572,3.034,3.776,0.002043415,0.061303102,56096.63593,56096.69723,56096.65637
10489286,3,319.8278282,319.8891265,319.8482611,4.10E+35,FALSE,8572,3.034,3.776,0.00335849,0.061298264,55152.82783,55152.88913,55152.84826
10489286,4,375.6504549,375.7526204,375.6708879,4.70E+35,FALSE,8572,3.034,3.776,0.001281257,0.10216547,55208.65045,55208.75262,55208.67089
10489286,3,318.8266234,318.8879217,318.8470562,4.88E+35,FALSE,8572,3.034,3.776,0.000953874,0.061298267,55151.82662,55151.88792,55151.84706
10489286,8,791.5146669,791.5759681,791.5351006,5.09E+35,FALSE,8572,3.034,3.776,0.000911354,0.061301197,55624.51467,55624.57597,55624.5351
10489286,3,262.1661807,262.2274802,262.1866138,5.78E+35,FALSE,8572,3.034,3.776,0.001081731,0.061299496,55095.16618,55095.22748,55095.18661
10489286,13,1226.567947,1226.670119,1226.588381,6.53E+35,FALSE,8572,3.034,3.776,0.001249797,0.102171776,56059.56795,56059.67012,56059.58838
10489286,8,768.6903652,768.7720989,768.7312321,8.87E+35,FALSE,8572,3.034,3.776,0.004050477,0.081733615,55601.69037,55601.7721,55601.73123
10489286,8,745.1921478,745.2943132,745.233014,9.88E+35,FALSE,8572,3.034,3.776,0.002838526,0.102165449,55578.19215,55578.29431,55578.23301
10489286,8,774.3912977,774.4934652,774.4321648,1.04E+36,FALSE,8572,3.034,3.776,0.002046031,0.102167531,55607.3913,55607.49347,55607.43216
10593239,7,718.7107287,718.7720278,718.7311617,1.70E+36,FALSE,8476,2.964,3.792,0.005849204,0.061299076,55551.71073,55551.77203,55551.73116
10593239,7,714.3584971,714.4197961,714.3789301,1.87E+36,FALSE,8476,2.964,3.792,0.01338388,0.061298968,55547.3585,55547.4198,55547.37893
10593239,8,746.2954687,746.3567686,746.3159021,1.95E+36,FALSE,8476,2.964,3.792,0.008882697,0.061299974,55579.29547,55579.35677,55579.3159
10593239,10,923.049921,923.1112229,923.0703551,1.96E+36,FALSE,8476,2.964,3.792,0.008643089,0.061301899,55756.04992,55756.11122,55756.07036
10593239,10,928.7509909,928.8327267,928.7918589,2.39E+36,FALSE,8476,2.964,3.792,0.012271094,0.081735734,55761.75099,55761.83273,55761.79186
10593239,13,1238.216109,1238.31828,1238.256978,2.65E+36,FALSE,8476,2.964,3.792,0.006578645,0.102171574,56071.21611,56071.31828,56071.25698
10593239,7,710.3740663,710.476231,710.4149322,2.95E+36,FALSE,8476,2.964,3.792,0.007852513,0.102164698,55543.37407,55543.47623,55543.41493
10593239,14,1334.133362,1334.215096,1334.174229,2.99E+36,FALSE,8476,2.964,3.792,0.009047855,0.081734133,56167.13336,56167.2151,56167.17423
10593239,15,1419.073798,1419.155529,1419.094231,3.01E+36,FALSE,8476,2.964,3.792,0.009459093,0.081731399,56252.0738,56252.15553,56252.09423
10593239,9,815.5454604,815.6476311,815.5658947,3.01E+36,FALSE,8476,2.964,3.792,0.01085426,0.102170713,55648.54546,55648.64763,55648.56589
10593239,9,877.0322109,877.1343824,877.0526453,3.01E+36,FALSE,8476,2.964,3.792,0.008333429,0.102171539,55710.03221,55710.13438,55710.05265
10593239,11,1077.892896,1077.974627,1077.913328,3.30E+36,FALSE,8476,2.964,3.792,0.012139021,0.081731718,55910.8929,55910.97463,55910.91333
10593239,14,1347.04731,1347.129044,1347.067743,3.34E+36,FALSE,8476,2.964,3.792,0.011403217,0.081733631,56180.04731,56180.12904,56180.06774
10593239,5,448.3946852,448.4764219,448.4151194,3.45E+36,FALSE,8476,2.964,3.792,0.008442462,0.081736714,55281.39469,55281.47642,55281.41512
10593239,5,446.330834,446.4125708,446.3512683,3.45E+36,FALSE,8476,2.964,3.792,0.008347009,0.081736752,55279.33083,55279.41257,55279.35127
10593239,13,1252.315779,1252.458819,1252.336213,3.66E+36,FALSE,8476,2.964,3.792,0.009275027,0.143040034,56085.31578,56085.45882,56085.33621
10593239,12,1115.55106,1115.653227,1115.591927,3.71E+36,FALSE,8476,2.964,3.792,0.007599553,0.102166447,55948.55106,55948.65323,55948.59193
10593239,14,1364.006943,1364.109108,1364.027376,3.91E+36,FALSE,8476,2.964,3.792,0.013783064,0.102165882,56197.00694,56197.10911,56197.02738
10593239,14,1341.080751,1341.182918,1341.101184,3.91E+36,FALSE,8476,2.964,3.792,0.012789169,0.102167259,56174.08075,56174.18292,56174.10118
10593239,11,1039.867343,1039.969507,1039.887776,4.08E+36,FALSE,8476,2.964,3.792,0.006823547,0.102164309,55872.86734,55872.96951,55872.88778
10593239,15,1378.187513,1378.310111,1378.228379,4.26E+36,FALSE,8476,2.964,3.792,0.014656026,0.122598365,56211.18751,56211.31011,56211.22838
10593239,5,519.2403364,519.3425076,519.2812049,4.61E+36,FALSE,8476,2.964,3.792,0.023310585,0.102171112,55352.24034,55352.34251,55352.2812
10593239,11,1007.399396,1007.542427,1007.440262,5.23E+36,FALSE,8476,2.964,3.792,0.015580743,0.143031434,55840.3994,55840.54243,55840.44026
10619142,4,359.0384268,359.0997256,359.0588596,8.24E+35,FALSE,9206,2.157,4.112,0.004906975,0.061298797,55192.03843,55192.09973,55192.05886
10815604,5,474.3047203,474.488629,474.3251545,1.58E+35,FALSE,9030,3.218,3.822,0.000971393,0.183908707,55307.30472,55307.48863,55307.32515
10815604,14,1286.910532,1287.033137,1286.930966,2.60E+35,FALSE,9030,3.218,3.822,0.001977958,0.12260537,56119.91053,56120.03314,56119.93097
10817620,2,249.1502027,249.2115026,249.1706359,1.11E+36,FALSE,8239,2.766,3.816,0.00678838,0.061299941,55082.1502,55082.2115,55082.17064
10817620,9,813.460648,813.583252,813.5015159,4.65E+36,FALSE,8239,2.766,3.816,0.014912087,0.122604009,55646.46065,55646.58325,55646.50152
10971633,3,311.1638563,311.2864534,311.1842891,4.37E+35,FALSE,9189,2.698,3.952,0.001236235,0.122597058,55144.16386,55144.28645,55144.18429
10971633,16,1499.089641,1499.171374,1499.110074,4.61E+35,FALSE,9189,2.698,3.952,0.001653836,0.081733542,56332.08964,56332.17137,56332.11007
10971633,14,1347.598968,1347.680701,1347.639834,5.53E+35,FALSE,9189,2.698,3.952,0.002246272,0.081733611,56180.59897,56180.6807,56180.63983
10971633,4,388.7482897,388.8504572,388.7891568,5.84E+35,FALSE,9189,2.698,3.952,0.001635438,0.102167521,55221.74829,55221.85046,55221.78916
10977859,14,1312.555334,1312.616636,1312.575768,2.44E+35,FALSE,8180,4.034,3.611,0.001143704,0.061301616,56145.55533,56145.61664,56145.57577
10977859,11,1055.948253,1056.009551,1055.968685,2.56E+35,FALSE,8180,4.034,3.611,0.001752434,0.061298498,55888.94825,55889.00955,55888.96869
10977859,10,907.7854853,907.8672219,907.8059194,6.81E+35,FALSE,8180,4.034,3.611,0.00140541,0.081736691,55740.78549,55740.86722,55740.80592
11031728,14,1306.752096,1306.813398,1306.77253,1.08E+35,FALSE,7751,2.068,4.061,0.001932662,0.061301797,56139.7521,56139.8134,56139.77253
11031728,2,257.9974752,258.099641,258.0179084,2.97E+35,FALSE,7751,2.068,4.061,0.00222653,0.10216574,55090.99748,55091.09964,55091.01791
11046028,5,449.0684716,449.1297738,449.0889056,3.76E+35,FALSE,8319,3.219,3.735,0.001813121,0.061302227,55282.06847,55282.12977,55282.08891
11046028,16,1556.773674,1556.896278,1556.814542,8.80E+35,FALSE,8319,3.219,3.735,0.002722165,0.122603977,56389.77367,56389.89628,56389.81454
11189959,5,458.2233883,458.305125,458.2438224,6.97E+34,FALSE,9490,2.209,4.109,0.000716356,0.081736684,55291.22339,55291.30512,55291.24382
11189959,9,830.4009711,830.5848788,830.4418394,2.24E+35,FALSE,9490,2.209,4.109,0.001520086,0.183907789,55663.40097,55663.58488,55663.44184
11189959,8,788.3886578,788.4908269,788.4090917,2.47E+35,FALSE,9490,2.209,4.109,0.00285996,0.102169074,55621.38866,55621.49083,55621.40909
11189959,8,738.3879389,738.510538,738.4288053,2.80E+35,FALSE,9490,2.209,4.109,0.000880198,0.122599046,55571.38794,55571.51054,55571.42881
11197934,13,1231.594953,1231.697125,1231.615387,2.51E+36,FALSE,7641,2.808,3.833,0.020018374,0.102171534,56064.59495,56064.69712,56064.61539
11236035,5,486.2390382,486.3616438,486.2594724,4.34E+36,FALSE,8145,2.587,3.886,0.029389838,0.122605657,55319.23904,55319.36164,55319.25947
11236035,5,498.7039446,498.8265502,498.7448132,4.85E+36,FALSE,8145,2.587,3.886,0.011830413,0.122605554,55331.70394,55331.82655,55331.74481
11296464,5,521.3857291,521.4470318,521.4061633,1.05E+35,FALSE,8048,3.251,3.725,0.000884989,0.061302686,55354.38573,55354.44703,55354.40616
11303090,5,484.1951248,484.2564278,484.2155592,1.96E+35,FALSE,7682,2.337,3.88,0.001096773,0.061302926,55317.19512,55317.25643,55317.21556
11338865,5,478.7602326,478.862404,478.780667,3.22E+36,FALSE,8902,2.274,4.058,0.012880435,0.102171384,55311.76023,55311.8624,55311.78067
11361739,14,1366.540973,1366.602273,1366.561407,1.33E+35,FALSE,7848,2.452,3.935,0.001130337,0.061299952,56199.54097,56199.60227,56199.56141
11395936,15,1393.593892,1393.655191,1393.614325,2.06E+35,FALSE,7557,2.645,3.808,0.002064188,0.061298968,56226.59389,56226.65519,56226.61433
11462151,13,1218.496567,1218.557869,1218.517001,4.26E+35,FALSE,7517,2.064,4.013,0.005922003,0.061302792,56051.49657,56051.55787,56051.517
11462151,5,482.1516592,482.3151336,482.1720935,1.41E+36,FALSE,7517,2.064,4.013,0.00471092,0.163474365,55315.15166,55315.31513,55315.17209
11495781,15,1409.490551,1409.55185,1409.510984,4.45E+37,FALSE,7937,2.734,3.846,0.29400357,0.061298811,56242.49055,56242.55185,56242.51098
11619868,3,335.1728601,335.2341587,335.1932931,7.64E+35,FALSE,7638,1.901,4.11,0.01185877,0.061298576,55168.17286,55168.23416,55168.19329
11821988,14,1283.39576,1283.457063,1283.416194,3.34E+35,FALSE,8094,2.656,3.905,0.00108524,0.061302538,56116.39576,56116.45706,56116.41619
11919968,5,533.8912409,533.9525434,533.9116751,1.07E+36,FALSE,7935,2.526,3.911,0.008285789,0.061302576,55366.89124,55366.95254,55366.91168
12017083,6,586.6721685,586.7334698,586.6926023,4.16E+35,FALSE,7509,4.109,3.549,0.001487681,0.061301213,55419.67217,55419.73347,55419.6926
12062443,17,1570.996219,1571.057521,1571.016653,7.70E+34,FALSE,7603,2.334,3.973,0.000805537,0.061302348,56403.99622,56404.05752,56404.01665
12072819,2,214.3924544,214.4741896,214.4128882,2.60E+35,FALSE,7904,2.39,3.954,0.001796827,0.081735131,55047.39245,55047.47419,55047.41289
12216210,12,1157.337693,1157.419428,1157.37856,5.02E+35,FALSE,7760,2.746,3.781,0.003490596,0.08173456,55990.33769,55990.41943,55990.37856
12365432,14,1282.986981,1283.048284,1283.007415,4.39E+35,FALSE,8902,2.836,3.824,0.001195098,0.061302487,56115.98698,56116.04828,56116.00742
